,player,span,Mat,Inns,Balls,Mdns,Runs,Wickets,Avg,SR,ecnomy,BBI,5,10,ST,CT,Country
0,AB Agarkar,2007-2007,3,2,48,-,75,1,75.00,48.0,9.37,1/35,-,-,-,-,India
1,Alok Kapali,2007-2007,3,1,12,-,23,-,-,-,11.50,-,-,-,-,1,Bangladesh
2,RL Bhudia,2007-2007,1,1,4,-,17,-,-,-,25.50,-,-,-,-,-,Kenya
3,JAR Blain,2007-2007,2,1,24,-,23,2,11.50,12.0,5.75,2/23,-,-,-,-,Scotland
4,DJ Bravo,2007-2007,2,2,28,-,73,-,-,-,15.64,-,-,-,-,-,West Indies
5,GB Brent,2007-2007,2,2,42,-,53,2,26.50,21.0,7.57,2/19,-,-,-,-,Zimbabwe
6,DR Brown,2007-2007,2,1,24,-,44,-,-,-,11.00,-,-,-,-,-,Scotland
7,S Chanderpaul,2007-2007,2,-,0,-,-,-,-,-,-,-,-,-,-,1,West Indies
8,CJ Chibhabha,2007-2007,2,2,36,-,41,1,41.00,36.0,6.83,1/24,-,-,-,2,Zimbabwe
9,E Chigumbura,2007-2007,2,2,42,-,51,7,7.28,6.0,7.28,4/31,-,-,-,2,Zimbabwe
10,KM Dabengwa,2007-2007,2,1,12,-,29,-,-,-,14.50,-,-,-,-,-,Zimbabwe
11,JP Duminy,2007-2007,2,-,0,-,-,-,-,-,-,-,-,-,-,1,South Africa
12,FH Edwards,2007-2007,2,2,36,-,54,1,54.00,36.0,9.00,1/21,-,-,-,-,West Indies
13,Farhad Reza,2007-2007,3,2,18,-,35,-,-,-,11.66,-,-,-,-,1,Bangladesh
14,CH Gayle,2007-2007,2,1,24,-,22,-,-,-,5.50,-,-,-,-,2,West Indies
15,GM Hamilton,2007-2007,2,-,0,-,-,-,-,-,-,-,-,-,-,1,Scotland
16,RM Haq,2007-2007,2,1,24,-,49,2,24.50,12.0,12.25,2/49,-,-,-,2,Scotland
17,JK Kamande,2007-2007,2,1,24,-,48,3,16.00,8.0,12.00,3/48,-,-,-,-,Kenya
18,RJ Kirtley,2007-2007,1,1,6,-,17,-,-,-,17.00,-,-,-,-,-,England
19,NFI McCallum,2007-2007,2,-,0,-,-,-,-,-,-,-,-,-,-,-,Scotland
20,H Masakadza,2007-2007,2,1,6,-,9,1,9.00,6.0,9.00,1/9,-,-,-,2,Zimbabwe
21,S Matsikenyeri,2007-2007,2,-,0,-,-,-,-,-,-,-,-,-,-,2,Zimbabwe
22,T Mishra,2007-2007,2,-,0,-,-,-,-,-,-,-,-,-,-,-,Kenya
23,T Mupariwa,2007-2007,2,2,30,-,45,1,45.00,30.0,9.00,1/22,-,-,-,-,Zimbabwe
24,JD Nel,2007-2007,2,1,24,1,25,2,12.50,12.0,6.25,2/25,-,-,-,-,Scotland
25,AA Obanda,2007-2007,2,-,0,-,-,-,-,-,-,-,-,-,-,-,Kenya
26,CO Obuya,2007-2007,2,-,0,-,-,-,-,-,-,-,-,-,-,-,Kenya
27,DO Obuya,2007-2007,2,-,0,-,-,-,-,-,-,-,-,-,-,1,Kenya
28,NN Odhiambo,2007-2007,2,2,30,-,65,1,65.00,30.0,13.00,1/57,-,-,-,-,Kenya
29,TM Odoyo,2007-2007,2,2,36,-,36,2,18.00,18.0,6.00,1/14,-,-,-,-,Kenya
30,PJ Ongondo,2007-2007,2,2,42,-,75,-,-,-,10.71,-,-,-,-,-,Kenya
31,LN Onyango,2007-2007,1,1,24,-,61,-,-,-,15.25,-,-,-,-,-,Kenya
32,MA Ouma,2007-2007,2,-,0,-,-,-,-,-,-,-,-,-,-,-,Kenya
33,NS Poonia,2007-2007,2,-,0,-,-,-,-,-,-,-,-,-,-,-,Scotland
34,DBL Powell,2007-2007,2,2,42,-,62,-,-,-,8.85,-,-,-,-,1,West Indies
35,MJ Prior,2007-2007,3,-,0,-,-,-,-,-,-,-,-,-,-,4,England
36,D Ramdin,2007-2007,2,-,0,-,-,-,-,-,-,-,-,-,-,1,West Indies
37,R Rampaul,2007-2007,2,2,48,-,87,3,29.00,16.0,10.87,2/35,-,-,-,-,West Indies
38,MN Samuels,2007-2007,2,1,12,-,21,-,-,-,10.50,-,-,-,-,-,West Indies
39,RR Sarwan,2007-2007,2,1,12,-,10,2,5.00,6.0,5.00,2/10,-,-,-,1,West Indies
40,V Sibanda,2007-2007,2,-,0,-,-,-,-,-,-,-,-,-,-,1,Zimbabwe
41,CJO Smith,2007-2007,2,-,0,-,-,-,-,-,-,-,-,-,1,-,Scotland
42,DR Smith,2007-2007,2,1,12,-,37,-,-,-,18.50,-,-,-,-,-,West Indies
43,DS Smith,2007-2007,2,-,0,-,-,-,-,-,-,-,-,-,-,-,West Indies
44,JN Snape,2007-2007,1,1,6,-,12,-,-,-,12.00,-,-,-,-,1,England
45,T Taibu,2007-2007,2,2,24,-,41,-,-,-,10.25,-,-,-,-,-,Zimbabwe
46,BRM Taylor,2007-2007,2,-,0,-,-,-,-,-,-,-,-,-,1,2,Zimbabwe
47,SO Tikolo,2007-2007,2,1,6,-,25,-,-,-,25.00,-,-,-,-,-,Kenya
48,P Utseya,2007-2007,2,2,48,-,55,2,27.50,24.0,6.87,1/27,-,-,-,-,Zimbabwe
49,RR Watson,2007-2007,2,-,0,-,-,-,-,-,-,-,-,-,-,-,Scotland
50,DF Watts,2007-2007,2,-,0,-,-,-,-,-,-,-,-,-,-,2,Scotland
51,CM Wright,2007-2007,2,1,24,-,29,3,9.66,8.0,7.25,3/29,-,-,-,1,Scotland
52,Abdur Razzak,2007-2007,5,5,114,-,121,7,17.28,16.2,6.36,2/16,-,-,-,-,Bangladesh
53,Aftab Ahmed,2007-2007,5,-,0,-,-,-,-,-,-,-,-,-,-,1,Bangladesh
54,JM Anderson,2007-2007,4,4,90,-,102,3,34.00,30.0,6.80,2/24,-,-,-,-,England
55,SE Bond,2007-2007,6,6,144,1,180,7,25.71,20.5,7.50,2/12,-,-,-,1,New Zealand
56,MV Boucher,2007-2007,5,-,0,-,-,-,-,-,-,-,-,-,-,7,South Africa
57,NW Bracken,2007-2007,6,6,134,-,142,8,17.75,16.7,6.35,3/16,-,-,-,2,Australia
58,SCJ Broad,2007-2007,5,5,114,-,184,5,36.80,22.8,9.68,3/37,-,-,-,1,England
59,SR Clark,2007-2007,6,6,144,-,144,12,12.00,12.0,6.00,4/20,-,-,-,2,Australia
60,MJ Clarke,2007-2007,5,4,42,-,72,2,36.00,21.0,10.28,1/13,-,-,-,4,Australia
61,PD Collingwood,2007-2007,5,4,42,-,82,2,41.00,21.0,11.71,1/23,-,-,-,1,England
62,AB de Villiers,2007-2007,5,-,0,-,-,-,-,-,-,-,-,-,-,6,South Africa
63,MS Dhoni,2007-2007,7,-,0,-,-,-,-,-,-,-,-,-,-,1,India
64,TM Dilshan,2007-2007,5,3,33,-,36,2,18.00,16.5,6.54,2/4,-,-,-,3,Sri Lanka
65,Fawad Alam,2007-2007,1,1,18,-,29,2,14.50,9.0,9.66,2/29,-,-,-,1,Pakistan
66,CRD Fernando,2007-2007,5,5,102,3,104,6,17.33,17.0,6.11,2/17,-,-,-,-,Sri Lanka
67,A Flintoff,2007-2007,5,5,108,-,110,5,22.00,21.6,6.11,2/23,-,-,-,4,England
68,PG Fulton,2007-2007,5,-,0,-,-,-,-,-,-,-,-,-,-,2,New Zealand
69,G Gambhir,2007-2007,7,-,0,-,-,-,-,-,-,-,-,-,-,2,India
70,HH Gibbs,2007-2007,3,-,0,-,-,-,-,-,-,-,-,-,-,1,South Africa
71,AC Gilchrist,2007-2007,6,-,0,-,-,-,-,-,-,-,-,-,-,9,Australia
72,MR Gillespie,2007-2007,6,6,119,1,156,6,26.00,19.8,7.86,4/7,-,-,-,-,New Zealand
73,BJ Haddin,2007-2007,2,-,0,-,-,-,-,-,-,-,-,-,-,-,Australia
74,Harbhajan Singh,2007-2007,7,6,138,-,182,7,26.00,19.7,7.91,2/24,-,-,-,3,India
75,ML Hayden,2007-2007,6,-,0,-,-,-,-,-,-,-,-,-,-,-,Australia
76,BJ Hodge,2007-2007,6,1,12,-,20,-,-,-,10.00,-,-,-,-,2,Australia
77,MEK Hussey,2007-2007,6,-,0,-,-,-,-,-,-,-,-,-,-,3,Australia
78,Imran Nazir,2007-2007,7,-,0,-,-,-,-,-,-,-,-,-,-,3,Pakistan
79,ST Jayasuriya,2007-2007,5,4,77,-,102,4,25.50,19.2,7.94,2/4,-,-,-,-,Sri Lanka
80,DPMD Jayawardene,2007-2007,5,-,0,-,-,-,-,-,-,-,-,-,-,2,Sri Lanka
81,Joginder Sharma,2007-2007,4,4,87,-,138,4,34.50,21.7,9.51,2/20,-,-,-,2,India
82,MG Johnson,2007-2007,6,6,144,-,153,8,19.12,18.0,6.37,3/22,-,-,-,1,Australia
83,Junaid Siddique,2007-2007,1,-,0,-,-,-,-,-,-,-,-,-,-,-,Bangladesh
84,Kamran Akmal,2007-2007,7,-,0,-,-,-,-,-,-,-,-,-,1,3,Pakistan
85,KD Karthik,2007-2007,4,-,0,-,-,-,-,-,-,-,-,-,2,3,India
86,JM Kemp,2007-2007,5,-,0,-,-,-,-,-,-,-,-,-,-,2,South Africa
87,B Lee,2007-2007,6,6,144,-,171,7,24.42,20.5,7.12,3/27,-,-,-,4,Australia
88,BB McCullum,2007-2007,6,-,0,-,-,-,-,-,-,-,-,-,1,5,New Zealand
89,NL McCullum,2007-2007,1,-,0,-,-,-,-,-,-,-,-,-,-,-,New Zealand
90,CD McMillan,2007-2007,6,-,0,-,-,-,-,-,-,-,-,-,-,1,New Zealand
91,DL Maddy,2007-2007,4,2,18,-,26,3,8.66,6.0,8.66,2/6,-,-,-,1,England
92,MF Maharoof,2007-2007,2,2,30,-,50,1,50.00,30.0,10.00,1/16,-,-,-,-,Sri Lanka
93,Mahmudullah,2007-2007,2,2,48,-,47,2,23.50,24.0,5.87,1/19,-,-,-,1,Bangladesh
94,SL Malinga,2007-2007,5,5,84,-,100,7,14.28,12.0,7.14,3/43,-,-,-,4,Sri Lanka
95,CS Martin,2007-2007,4,4,90,1,114,4,28.50,22.5,7.60,2/14,-,-,-,1,New Zealand
96,AD Mascarenhas,2007-2007,5,5,84,-,122,4,30.50,21.0,8.71,3/18,-,-,-,2,England
97,Mashrafe Mortaza,2007-2007,5,5,106,-,160,2,80.00,53.0,9.05,1/39,-,-,-,1,Bangladesh
98,Misbah-ul-Haq,2007-2007,7,-,0,-,-,-,-,-,-,-,-,-,-,1,Pakistan
99,Mohammad Ashraful,2007-2007,5,3,48,-,86,1,86.00,48.0,10.75,1/55,-,-,-,-,Bangladesh
100,Mohammad Asif,2007-2007,7,7,161,-,212,10,21.20,16.1,7.90,4/18,-,-,-,3,Pakistan
101,Mohammad Hafeez,2007-2007,6,6,114,-,163,5,32.60,22.8,8.57,2/27,-,-,-,5,Pakistan
102,JA Morkel,2007-2007,5,5,60,-,77,3,25.66,20.0,7.70,2/12,-,-,-,2,South Africa
103,M Morkel,2007-2007,5,5,120,-,120,9,13.33,13.3,6.00,4/17,-,-,-,-,South Africa
104,J Mubarak,2007-2007,5,1,2,-,8,-,-,-,24.00,-,-,-,-,2,Sri Lanka
105,Mushfiqur Rahim,2007-2007,5,-,0,-,-,-,-,-,-,-,-,-,3,4,Bangladesh
106,Nadif Chowdhury,2007-2007,2,-,0,-,-,-,-,-,-,-,-,-,-,-,Bangladesh
107,Nazimuddin,2007-2007,4,-,0,-,-,-,-,-,-,-,-,-,-,-,Bangladesh
108,A Nel,2007-2007,1,1,24,-,23,-,-,-,5.75,-,-,-,-,-,South Africa
109,M Ntini,2007-2007,4,4,72,-,109,2,54.50,36.0,9.08,1/30,-,-,-,-,South Africa
110,JDP Oram,2007-2007,6,6,78,-,146,1,146.00,78.0,11.23,1/14,-,-,-,1,New Zealand
111,JS Patel,2007-2007,2,2,41,-,69,2,34.50,20.5,10.09,1/31,-,-,-,-,New Zealand
112,IK Pathan,2007-2007,7,6,132,1,149,10,14.90,13.2,6.77,3/16,-,-,-,-,India
113,YK Pathan,2007-2007,1,1,6,-,5,-,-,-,5.00,-,-,-,-,1,India
114,VD Philander,2007-2007,5,5,78,-,104,4,26.00,19.5,8.00,2/23,-,-,-,1,South Africa
115,KP Pietersen,2007-2007,5,-,0,-,-,-,-,-,-,-,-,-,-,1,England
116,SM Pollock,2007-2007,5,5,117,1,167,8,20.87,14.6,8.56,3/40,-,-,-,1,South Africa
117,RT Ponting,2007-2007,4,-,0,-,-,-,-,-,-,-,-,-,-,2,Australia
118,Salman Butt,2007-2007,5,-,0,-,-,-,-,-,-,-,-,-,-,-,Pakistan
119,KC Sangakkara,2007-2007,5,-,0,-,-,-,-,-,-,-,-,-,2,2,Sri Lanka
120,CP Schofield,2007-2007,4,4,77,-,92,4,23.00,19.2,7.16,2/15,-,-,-,1,England
121,V Sehwag,2007-2007,6,1,6,-,20,-,-,-,20.00,-,-,-,-,-,India
122,OA Shah,2007-2007,5,-,0,-,-,-,-,-,-,-,-,-,-,-,England
123,Shahid Afridi,2007-2007,7,7,168,1,188,12,15.66,14.0,6.71,4/19,-,-,-,2,Pakistan
124,Shakib Al Hasan,2007-2007,5,5,102,-,116,6,19.33,17.0,6.82,4/34,-,-,-,1,Bangladesh
125,RG Sharma,2007-2007,4,-,0,-,-,-,-,-,-,-,-,-,-,2,India
126,Shoaib Malik,2007-2007,7,2,18,-,18,2,9.00,9.0,6.00,2/15,-,-,-,3,Pakistan
127,LPC Silva,2007-2007,5,1,12,-,11,-,-,-,5.50,-,-,-,-,1,Sri Lanka
128,RP Singh,2007-2007,7,6,144,-,152,12,12.66,12.0,6.33,4/13,-,-,-,1,India
129,GC Smith,2007-2007,5,1,6,-,16,-,-,-,16.00,-,-,-,-,4,South Africa
130,Sohail Tanvir,2007-2007,6,6,138,-,161,6,26.83,23.0,7.00,3/31,-,-,-,1,Pakistan
131,VS Solanki,2007-2007,2,-,0,-,-,-,-,-,-,-,-,-,-,2,England
132,S Sreesanth,2007-2007,7,6,138,2,183,6,30.50,23.0,7.95,2/12,-,-,-,2,India
133,SB Styris,2007-2007,6,4,66,-,74,2,37.00,33.0,6.72,1/14,-,-,-,1,New Zealand
134,Syed Rasel,2007-2007,5,5,102,2,123,3,41.00,34.0,7.23,1/10,-,-,-,-,Bangladesh
135,A Symonds,2007-2007,6,6,71,-,115,1,115.00,71.0,9.71,1/2,-,-,-,2,Australia
136,Tamim Iqbal,2007-2007,5,-,0,-,-,-,-,-,-,-,-,-,-,1,Bangladesh
137,LRPL Taylor,2007-2007,6,-,0,-,-,-,-,-,-,-,-,-,-,4,New Zealand
138,WU Tharanga,2007-2007,5,-,0,-,-,-,-,-,-,-,-,-,-,-,Sri Lanka
139,CT Tremlett,2007-2007,1,1,24,-,45,2,22.50,12.0,11.25,2/45,-,-,-,-,England
140,Umar Gul,2007-2007,7,7,166,-,155,13,11.92,12.7,5.60,4/25,-,-,-,3,Pakistan
141,RV Uthappa,2007-2007,7,-,0,-,-,-,-,-,-,-,-,-,-,1,India
142,WPUJC Vaas,2007-2007,5,5,108,1,100,5,20.00,21.6,5.55,2/14,-,-,-,-,Sri Lanka
143,JJ van der Wath,2007-2007,5,5,120,-,150,6,25.00,20.0,7.50,2/31,-,-,-,-,South Africa
144,DL Vettori,2007-2007,6,6,144,-,128,11,11.63,13.0,5.33,4/20,-,-,-,2,New Zealand
145,L Vincent,2007-2007,6,-,0,-,-,-,-,-,-,-,-,-,-,1,New Zealand
146,SR Watson,2007-2007,1,1,20,-,19,1,19.00,20.0,5.70,1/19,-,-,-,-,Australia
147,G Wijekoon,2007-2007,3,3,66,-,101,2,50.50,33.0,9.18,1/12,-,-,-,-,Sri Lanka
148,LJ Wright,2007-2007,5,-,0,-,-,-,-,-,-,-,-,-,-,2,England
149,Yasir Arafat,2007-2007,3,3,54,-,72,1,72.00,54.0,8.00,1/39,-,-,-,1,Pakistan
150,Younis Khan,2007-2007,7,-,0,-,-,-,-,-,-,-,-,-,-,6,Pakistan
151,Yuvraj Singh,2007-2007,6,1,18,-,38,1,38.00,18.0,12.66,1/38,-,-,-,1,India
